cve_entidad,entidad,año,mes,cve_mes,fecha,viol_fam_911_acum,vio_fam_911_mensual,pob_tot_mit_año,tasa_tot_vio_fam_911,pob_muj_mit_año,tasa_muj_vio_fam_911,tasa_muj_acum
1,Aguascalientes,2019,enero,A,2019-01-31,1223,1223,1415421,86.41,718293,170.26,170.26
1,Aguascalientes,2019,febrero,B,2019-02-28,2398,1175,1415421,83.01,718293,163.58,333.85
1,Aguascalientes,2019,marzo,C,2019-03-31,3816,1418,1415421,100.18,718293,197.41,531.26
1,Aguascalientes,2019,abril,D,2019-04-30,5260,1444,1415421,102.02,718293,201.03,732.29
1,Aguascalientes,2019,mayo,E,2019-05-31,6840,1580,1415421,111.63,718293,219.97,952.26
1,Aguascalientes,2019,junio,F,2019-06-30,8307,1467,1415421,103.64,718293,204.23,1156.49
1,Aguascalientes,2019,julio,G,2019-07-31,9782,1475,1415421,104.21,718293,205.35,1361.84
1,Aguascalientes,2019,agosto,H,2019-08-31,11443,1661,1415421,117.35,718293,231.24,1593.08
1,Aguascalientes,2019,septiembre,I,2019-09-30,12925,1482,1415421,104.7,718293,206.32,1799.4
1,Aguascalientes,2019,octubre,J,2019-10-31,14360,1435,1415421,101.38,718293,199.78,1999.18
1,Aguascalientes,2019,noviembre,K,2019-11-30,15662,1302,1415421,91.99,718293,181.26,2180.45
1,Aguascalientes,2019,diciembre,L,2019-12-31,17153,1491,1415421,105.34,718293,207.58,2388.02
2,Baja California,2019,enero,A,2019-01-31,2782,2782,3578561,77.74,1790402,155.38,155.38
2,Baja California,2019,febrero,B,2019-02-28,5222,2440,3578561,68.18,1790402,136.28,291.67
2,Baja California,2019,marzo,C,2019-03-31,8241,3019,3578561,84.36,1790402,168.62,460.29
2,Baja California,2019,abril,D,2019-04-30,11664,3423,3578561,95.65,1790402,191.19,651.47
2,Baja California,2019,mayo,E,2019-05-31,14873,3209,3578561,89.67,1790402,179.23,830.71
2,Baja California,2019,junio,F,2019-06-30,18401,3528,3578561,98.59,1790402,197.05,1027.76
2,Baja California,2019,julio,G,2019-07-31,22001,3600,3578561,100.6,1790402,201.07,1228.83
2,Baja California,2019,agosto,H,2019-08-31,25551,3550,3578561,99.2,1790402,198.28,1427.11
2,Baja California,2019,septiembre,I,2019-09-30,29019,3468,3578561,96.91,1790402,193.7,1620.81
2,Baja California,2019,octubre,J,2019-10-31,32206,3187,3578561,89.06,1790402,178,1798.81
2,Baja California,2019,noviembre,K,2019-11-30,35148,2942,3578561,82.21,1790402,164.32,1963.13
2,Baja California,2019,diciembre,L,2019-12-31,38137,2989,3578561,83.53,1790402,166.95,2130.08
3,Baja California Sur,2019,enero,A,2019-01-31,335,335,788119,42.51,387379,86.48,86.48
3,Baja California Sur,2019,febrero,B,2019-02-28,645,310,788119,39.33,387379,80.02,166.5
3,Baja California Sur,2019,marzo,C,2019-03-31,1030,385,788119,48.85,387379,99.39,265.89
3,Baja California Sur,2019,abril,D,2019-04-30,1480,450,788119,57.1,387379,116.17,382.05
3,Baja California Sur,2019,mayo,E,2019-05-31,1882,402,788119,51.01,387379,103.77,485.83
3,Baja California Sur,2019,junio,F,2019-06-30,2354,472,788119,59.89,387379,121.84,607.67
3,Baja California Sur,2019,julio,G,2019-07-31,2813,459,788119,58.24,387379,118.49,726.16
3,Baja California Sur,2019,agosto,H,2019-08-31,3276,463,788119,58.75,387379,119.52,845.68
3,Baja California Sur,2019,septiembre,I,2019-09-30,3772,496,788119,62.93,387379,128.04,973.72
3,Baja California Sur,2019,octubre,J,2019-10-31,4204,432,788119,54.81,387379,111.52,1085.24
3,Baja California Sur,2019,noviembre,K,2019-11-30,4555,351,788119,44.54,387379,90.61,1175.85
3,Baja California Sur,2019,diciembre,L,2019-12-31,4984,429,788119,54.43,387379,110.74,1286.6
4,Campeche,2019,enero,A,2019-01-31,300,300,984046,30.49,497710,60.28,60.28
4,Campeche,2019,febrero,B,2019-02-28,708,408,984046,41.46,497710,81.98,142.25
4,Campeche,2019,marzo,C,2019-03-31,1297,589,984046,59.85,497710,118.34,260.59
4,Campeche,2019,abril,D,2019-04-30,1888,591,984046,60.06,497710,118.74,379.34
4,Campeche,2019,mayo,E,2019-05-31,2520,632,984046,64.22,497710,126.98,506.32
4,Campeche,2019,junio,F,2019-06-30,3141,621,984046,63.11,497710,124.77,631.09
4,Campeche,2019,julio,G,2019-07-31,3682,541,984046,54.98,497710,108.7,739.79
4,Campeche,2019,agosto,H,2019-08-31,4259,577,984046,58.64,497710,115.93,855.72
4,Campeche,2019,septiembre,I,2019-09-30,4781,522,984046,53.05,497710,104.88,960.6
4,Campeche,2019,octubre,J,2019-10-31,5244,463,984046,47.05,497710,93.03,1053.63
4,Campeche,2019,noviembre,K,2019-11-30,5699,455,984046,46.24,497710,91.42,1145.04
4,Campeche,2019,diciembre,L,2019-12-31,6206,507,984046,51.52,497710,101.87,1246.91
5,Coahuila de Zaragoza,2019,enero,A,2019-01-31,2662,2662,3175643,83.83,1591349,167.28,167.28
5,Coahuila de Zaragoza,2019,febrero,B,2019-02-28,5414,2752,3175643,86.66,1591349,172.94,340.21
5,Coahuila de Zaragoza,2019,marzo,C,2019-03-31,8411,2997,3175643,94.37,1591349,188.33,528.55
5,Coahuila de Zaragoza,2019,abril,D,2019-04-30,11461,3050,3175643,96.04,1591349,191.66,720.21
5,Coahuila de Zaragoza,2019,mayo,E,2019-05-31,14673,3212,3175643,101.14,1591349,201.84,922.05
5,Coahuila de Zaragoza,2019,junio,F,2019-06-30,18053,3380,3175643,106.44,1591349,212.4,1134.45
5,Coahuila de Zaragoza,2019,julio,G,2019-07-31,21326,3273,3175643,103.07,1591349,205.67,1340.12
5,Coahuila de Zaragoza,2019,agosto,H,2019-08-31,24800,3474,3175643,109.4,1591349,218.31,1558.43
5,Coahuila de Zaragoza,2019,septiembre,I,2019-09-30,27877,3077,3175643,96.89,1591349,193.36,1751.78
5,Coahuila de Zaragoza,2019,octubre,J,2019-10-31,30529,2652,3175643,83.51,1591349,166.65,1918.44
5,Coahuila de Zaragoza,2019,noviembre,K,2019-11-30,33132,2603,3175643,81.97,1591349,163.57,2082.01
5,Coahuila de Zaragoza,2019,diciembre,L,2019-12-31,36238,3106,3175643,97.81,1591349,195.18,2277.19
6,Colima,2019,enero,A,2019-01-31,1129,1129,772842,146.08,388317,290.74,290.74
6,Colima,2019,febrero,B,2019-02-28,2180,1051,772842,135.99,388317,270.66,561.4
6,Colima,2019,marzo,C,2019-03-31,3361,1181,772842,152.81,388317,304.13,865.53
6,Colima,2019,abril,D,2019-04-30,4457,1096,772842,141.81,388317,282.24,1147.77
6,Colima,2019,mayo,E,2019-05-31,5774,1317,772842,170.41,388317,339.16,1486.93
6,Colima,2019,junio,F,2019-06-30,7060,1286,772842,166.4,388317,331.17,1818.1
6,Colima,2019,julio,G,2019-07-31,8312,1252,772842,162,388317,322.42,2140.52
6,Colima,2019,agosto,H,2019-08-31,9419,1107,772842,143.24,388317,285.08,2425.6
6,Colima,2019,septiembre,I,2019-09-30,10356,937,772842,121.24,388317,241.3,2666.89
6,Colima,2019,octubre,J,2019-10-31,11229,873,772842,112.96,388317,224.82,2891.71
6,Colima,2019,noviembre,K,2019-11-30,12189,960,772842,124.22,388317,247.22,3138.93
6,Colima,2019,diciembre,L,2019-12-31,13195,1006,772842,130.17,388317,259.07,3398
7,Chiapas,2019,enero,A,2019-01-31,321,321,5647532,5.68,2883413,11.13,11.13
7,Chiapas,2019,febrero,B,2019-02-28,674,353,5647532,6.25,2883413,12.24,23.38
7,Chiapas,2019,marzo,C,2019-03-31,1088,414,5647532,7.33,2883413,14.36,37.73
7,Chiapas,2019,abril,D,2019-04-30,1526,438,5647532,7.76,2883413,15.19,52.92
7,Chiapas,2019,mayo,E,2019-05-31,1977,451,5647532,7.99,2883413,15.64,68.56
7,Chiapas,2019,junio,F,2019-06-30,2408,431,5647532,7.63,2883413,14.95,83.51
7,Chiapas,2019,julio,G,2019-07-31,2901,493,5647532,8.73,2883413,17.1,100.61
7,Chiapas,2019,agosto,H,2019-08-31,3295,394,5647532,6.98,2883413,13.66,114.27
7,Chiapas,2019,septiembre,I,2019-09-30,3698,403,5647532,7.14,2883413,13.98,128.25
7,Chiapas,2019,octubre,J,2019-10-31,4087,389,5647532,6.89,2883413,13.49,141.74
7,Chiapas,2019,noviembre,K,2019-11-30,4497,410,5647532,7.26,2883413,14.22,155.96
7,Chiapas,2019,diciembre,L,2019-12-31,4951,454,5647532,8.04,2883413,15.75,171.71
8,Chihuahua,2019,enero,A,2019-01-31,3607,3607,3765325,95.8,1898283,190.01,190.01
8,Chihuahua,2019,febrero,B,2019-02-28,7012,3405,3765325,90.43,1898283,179.37,369.39
8,Chihuahua,2019,marzo,C,2019-03-31,11067,4055,3765325,107.69,1898283,213.61,583
8,Chihuahua,2019,abril,D,2019-04-30,15531,4464,3765325,118.56,1898283,235.16,818.16
8,Chihuahua,2019,mayo,E,2019-05-31,20521,4990,3765325,132.53,1898283,262.87,1081.03
8,Chihuahua,2019,junio,F,2019-06-30,25935,5414,3765325,143.79,1898283,285.21,1366.23
8,Chihuahua,2019,julio,G,2019-07-31,31216,5281,3765325,140.25,1898283,278.2,1644.43
8,Chihuahua,2019,agosto,H,2019-08-31,36428,5212,3765325,138.42,1898283,274.56,1919
8,Chihuahua,2019,septiembre,I,2019-09-30,41205,4777,3765325,126.87,1898283,251.65,2170.65
8,Chihuahua,2019,octubre,J,2019-10-31,45190,3985,3765325,105.83,1898283,209.93,2380.57
8,Chihuahua,2019,noviembre,K,2019-11-30,49004,3814,3765325,101.29,1898283,200.92,2581.49
8,Chihuahua,2019,diciembre,L,2019-12-31,52301,3297,3765325,87.56,1898283,173.68,2755.17
9,Ciudad de México,2019,enero,A,2019-01-31,4045,4045,9031213,44.79,4716667,85.76,85.76
9,Ciudad de México,2019,febrero,B,2019-02-28,8020,3975,9031213,44.01,4716667,84.28,170.04
9,Ciudad de México,2019,marzo,C,2019-03-31,12463,4443,9031213,49.2,4716667,94.2,264.23
9,Ciudad de México,2019,abril,D,2019-04-30,19794,7331,9031213,81.17,4716667,155.43,419.66
9,Ciudad de México,2019,mayo,E,2019-05-31,28519,8725,9031213,96.61,4716667,184.98,604.64
9,Ciudad de México,2019,junio,F,2019-06-30,37334,8815,9031213,97.61,4716667,186.89,791.53
9,Ciudad de México,2019,julio,G,2019-07-31,45376,8042,9031213,89.05,4716667,170.5,962.04
9,Ciudad de México,2019,agosto,H,2019-08-31,54634,9258,9031213,102.51,4716667,196.28,1158.32
9,Ciudad de México,2019,septiembre,I,2019-09-30,62600,7966,9031213,88.21,4716667,168.89,1327.21
9,Ciudad de México,2019,octubre,J,2019-10-31,69819,7219,9031213,79.93,4716667,153.05,1480.26
9,Ciudad de México,2019,noviembre,K,2019-11-30,77709,7890,9031213,87.36,4716667,167.28,1647.54
9,Ciudad de México,2019,diciembre,L,2019-12-31,85654,7945,9031213,87.97,4716667,168.45,1815.99
10,Durango,2019,enero,A,2019-01-31,1374,1374,1852952,74.15,938770,146.36,146.36
10,Durango,2019,febrero,B,2019-02-28,2660,1286,1852952,69.4,938770,136.99,283.35
10,Durango,2019,marzo,C,2019-03-31,4174,1514,1852952,81.71,938770,161.27,444.62
10,Durango,2019,abril,D,2019-04-30,5711,1537,1852952,82.95,938770,163.72,608.35
10,Durango,2019,mayo,E,2019-05-31,7376,1665,1852952,89.86,938770,177.36,785.71
10,Durango,2019,junio,F,2019-06-30,9185,1809,1852952,97.63,938770,192.7,978.41
10,Durango,2019,julio,G,2019-07-31,10805,1620,1852952,87.43,938770,172.57,1150.97
10,Durango,2019,agosto,H,2019-08-31,12557,1752,1852952,94.55,938770,186.63,1337.6
10,Durango,2019,septiembre,I,2019-09-30,14398,1841,1852952,99.35,938770,196.11,1533.71
10,Durango,2019,octubre,J,2019-10-31,16081,1683,1852952,90.83,938770,179.28,1712.99
10,Durango,2019,noviembre,K,2019-11-30,17578,1497,1852952,80.79,938770,159.46,1872.45
10,Durango,2019,diciembre,L,2019-12-31,19364,1786,1852952,96.39,938770,190.25,2062.7
11,Guanajuato,2019,enero,A,2019-01-31,5065,5065,6173718,82.04,3162896,160.14,160.14
11,Guanajuato,2019,febrero,B,2019-02-28,10631,5566,6173718,90.16,3162896,175.98,336.12
11,Guanajuato,2019,marzo,C,2019-03-31,16813,6182,6173718,100.13,3162896,195.45,531.57
11,Guanajuato,2019,abril,D,2019-04-30,23048,6235,6173718,100.99,3162896,197.13,728.7
11,Guanajuato,2019,mayo,E,2019-05-31,30100,7052,6173718,114.23,3162896,222.96,951.66
11,Guanajuato,2019,junio,F,2019-06-30,36379,6279,6173718,101.71,3162896,198.52,1150.18
11,Guanajuato,2019,julio,G,2019-07-31,42038,5659,6173718,91.66,3162896,178.92,1329.1
11,Guanajuato,2019,agosto,H,2019-08-31,48017,5979,6173718,96.85,3162896,189.04,1518.13
11,Guanajuato,2019,septiembre,I,2019-09-30,53664,5647,6173718,91.47,3162896,178.54,1696.67
11,Guanajuato,2019,octubre,J,2019-10-31,59194,5530,6173718,89.57,3162896,174.84,1871.51
11,Guanajuato,2019,noviembre,K,2019-11-30,64612,5418,6173718,87.76,3162896,171.3,2042.81
11,Guanajuato,2019,diciembre,L,2019-12-31,70387,5775,6173718,93.54,3162896,182.59,2225.4
12,Guerrero,2019,enero,A,2019-01-31,280,280,3643974,7.68,1879681,14.9,14.9
12,Guerrero,2019,febrero,B,2019-02-28,541,261,3643974,7.16,1879681,13.89,28.78
12,Guerrero,2019,marzo,C,2019-03-31,803,262,3643974,7.19,1879681,13.94,42.72
12,Guerrero,2019,abril,D,2019-04-30,1087,284,3643974,7.79,1879681,15.11,57.83
12,Guerrero,2019,mayo,E,2019-05-31,1411,324,3643974,8.89,1879681,17.24,75.07
12,Guerrero,2019,junio,F,2019-06-30,1736,325,3643974,8.92,1879681,17.29,92.36
12,Guerrero,2019,julio,G,2019-07-31,2115,379,3643974,10.4,1879681,20.16,112.52
12,Guerrero,2019,agosto,H,2019-08-31,2450,335,3643974,9.19,1879681,17.82,130.34
12,Guerrero,2019,septiembre,I,2019-09-30,2765,315,3643974,8.64,1879681,16.76,147.1
12,Guerrero,2019,octubre,J,2019-10-31,3096,331,3643974,9.08,1879681,17.61,164.71
12,Guerrero,2019,noviembre,K,2019-11-30,3417,321,3643974,8.81,1879681,17.08,181.79
12,Guerrero,2019,diciembre,L,2019-12-31,3813,396,3643974,10.87,1879681,21.07,202.85
13,Hidalgo,2019,enero,A,2019-01-31,268,268,3050720,8.78,1576562,17,17
13,Hidalgo,2019,febrero,B,2019-02-28,500,232,3050720,7.6,1576562,14.72,31.71
13,Hidalgo,2019,marzo,C,2019-03-31,824,324,3050720,10.62,1576562,20.55,52.27
13,Hidalgo,2019,abril,D,2019-04-30,1118,294,3050720,9.64,1576562,18.65,70.91
13,Hidalgo,2019,mayo,E,2019-05-31,1437,319,3050720,10.46,1576562,20.23,91.15
13,Hidalgo,2019,junio,F,2019-06-30,1746,309,3050720,10.13,1576562,19.6,110.75
13,Hidalgo,2019,julio,G,2019-07-31,2048,302,3050720,9.9,1576562,19.16,129.9
13,Hidalgo,2019,agosto,H,2019-08-31,2341,293,3050720,9.6,1576562,18.58,148.49
13,Hidalgo,2019,septiembre,I,2019-09-30,2618,277,3050720,9.08,1576562,17.57,166.06
13,Hidalgo,2019,octubre,J,2019-10-31,2932,314,3050720,10.29,1576562,19.92,185.97
13,Hidalgo,2019,noviembre,K,2019-11-30,3222,290,3050720,9.51,1576562,18.39,204.37
13,Hidalgo,2019,diciembre,L,2019-12-31,3527,305,3050720,10,1576562,19.35,223.71
14,Jalisco,2019,enero,A,2019-01-31,2921,2921,8325800,35.08,4220564,69.21,69.21
14,Jalisco,2019,febrero,B,2019-02-28,5849,2928,8325800,35.17,4220564,69.37,138.58
14,Jalisco,2019,marzo,C,2019-03-31,9028,3179,8325800,38.18,4220564,75.32,213.91
14,Jalisco,2019,abril,D,2019-04-30,12067,3039,8325800,36.5,4220564,72,285.91
14,Jalisco,2019,mayo,E,2019-05-31,15221,3154,8325800,37.88,4220564,74.73,360.64
14,Jalisco,2019,junio,F,2019-06-30,18255,3034,8325800,36.44,4220564,71.89,432.53
14,Jalisco,2019,julio,G,2019-07-31,21181,2926,8325800,35.14,4220564,69.33,501.85
14,Jalisco,2019,agosto,H,2019-08-31,24348,3167,8325800,38.04,4220564,75.04,576.89
14,Jalisco,2019,septiembre,I,2019-09-30,27386,3038,8325800,36.49,4220564,71.98,648.87
14,Jalisco,2019,octubre,J,2019-10-31,30207,2821,8325800,33.88,4220564,66.84,715.71
14,Jalisco,2019,noviembre,K,2019-11-30,32649,2442,8325800,29.33,4220564,57.86,773.57
14,Jalisco,2019,diciembre,L,2019-12-31,35306,2657,8325800,31.91,4220564,62.95,836.52
15,México,2019,enero,A,2019-01-31,511,511,17245551,2.96,8820924,5.79,5.79
15,México,2019,febrero,B,2019-02-28,1014,503,17245551,2.92,8820924,5.7,11.5
15,México,2019,marzo,C,2019-03-31,1571,557,17245551,3.23,8820924,6.31,17.81
15,México,2019,abril,D,2019-04-30,2077,506,17245551,2.93,8820924,5.74,23.55
15,México,2019,mayo,E,2019-05-31,2582,505,17245551,2.93,8820924,5.73,29.27
15,México,2019,junio,F,2019-06-30,3139,557,17245551,3.23,8820924,6.31,35.59
15,México,2019,julio,G,2019-07-31,3609,470,17245551,2.73,8820924,5.33,40.91
15,México,2019,agosto,H,2019-08-31,4139,530,17245551,3.07,8820924,6.01,46.92
15,México,2019,septiembre,I,2019-09-30,4650,511,17245551,2.96,8820924,5.79,52.72
15,México,2019,octubre,J,2019-10-31,5145,495,17245551,2.87,8820924,5.61,58.33
15,México,2019,noviembre,K,2019-11-30,5627,482,17245551,2.79,8820924,5.46,63.79
15,México,2019,diciembre,L,2019-12-31,6098,471,17245551,2.73,8820924,5.34,69.13
16,Michoacán de Ocampo,2019,enero,A,2019-01-31,290,290,4791977,6.05,2462361,11.78,11.78
16,Michoacán de Ocampo,2019,febrero,B,2019-02-28,597,307,4791977,6.41,2462361,12.47,24.25
16,Michoacán de Ocampo,2019,marzo,C,2019-03-31,907,310,4791977,6.47,2462361,12.59,36.83
16,Michoacán de Ocampo,2019,abril,D,2019-04-30,1275,368,4791977,7.68,2462361,14.95,51.78
16,Michoacán de Ocampo,2019,mayo,E,2019-05-31,1682,407,4791977,8.49,2462361,16.53,68.31
16,Michoacán de Ocampo,2019,junio,F,2019-06-30,2051,369,4791977,7.7,2462361,14.99,83.29
16,Michoacán de Ocampo,2019,julio,G,2019-07-31,2418,367,4791977,7.66,2462361,14.9,98.2
16,Michoacán de Ocampo,2019,agosto,H,2019-08-31,2782,364,4791977,7.6,2462361,14.78,112.98
16,Michoacán de Ocampo,2019,septiembre,I,2019-09-30,3121,339,4791977,7.07,2462361,13.77,126.75
16,Michoacán de Ocampo,2019,octubre,J,2019-10-31,3455,334,4791977,6.97,2462361,13.56,140.31
16,Michoacán de Ocampo,2019,noviembre,K,2019-11-30,3794,339,4791977,7.07,2462361,13.77,154.08
16,Michoacán de Ocampo,2019,diciembre,L,2019-12-31,4142,348,4791977,7.26,2462361,14.13,168.21
17,Morelos,2019,enero,A,2019-01-31,1254,1254,2022568,62,1041469,120.41,120.41
17,Morelos,2019,febrero,B,2019-02-28,2516,1262,2022568,62.4,1041469,121.17,241.58
17,Morelos,2019,marzo,C,2019-03-31,3951,1435,2022568,70.95,1041469,137.79,379.37
17,Morelos,2019,abril,D,2019-04-30,5178,1227,2022568,60.67,1041469,117.81,497.18
17,Morelos,2019,mayo,E,2019-05-31,6446,1268,2022568,62.69,1041469,121.75,618.93
17,Morelos,2019,junio,F,2019-06-30,7560,1114,2022568,55.08,1041469,106.96,725.9
17,Morelos,2019,julio,G,2019-07-31,8650,1090,2022568,53.89,1041469,104.66,830.56
17,Morelos,2019,agosto,H,2019-08-31,9702,1052,2022568,52.01,1041469,101.01,931.57
17,Morelos,2019,septiembre,I,2019-09-30,10707,1005,2022568,49.69,1041469,96.5,1028.07
17,Morelos,2019,octubre,J,2019-10-31,11701,994,2022568,49.15,1041469,95.44,1123.51
17,Morelos,2019,noviembre,K,2019-11-30,12799,1098,2022568,54.29,1041469,105.43,1228.94
17,Morelos,2019,diciembre,L,2019-12-31,13913,1114,2022568,55.08,1041469,106.96,1335.9
18,Nayarit,2019,enero,A,2019-01-31,546,546,1270646,42.97,635459,85.92,85.92
18,Nayarit,2019,febrero,B,2019-02-28,1088,542,1270646,42.66,635459,85.29,171.21
18,Nayarit,2019,marzo,C,2019-03-31,1898,810,1270646,63.75,635459,127.47,298.68
18,Nayarit,2019,abril,D,2019-04-30,2446,548,1270646,43.13,635459,86.24,384.92
18,Nayarit,2019,mayo,E,2019-05-31,2446,0,1270646,0,635459,0,384.92
18,Nayarit,2019,junio,F,2019-06-30,3182,736,1270646,57.92,635459,115.82,500.74
18,Nayarit,2019,julio,G,2019-07-31,3856,674,1270646,53.04,635459,106.07,606.81
18,Nayarit,2019,agosto,H,2019-08-31,4531,675,1270646,53.12,635459,106.22,713.03
18,Nayarit,2019,septiembre,I,2019-09-30,5800,1269,1270646,99.87,635459,199.7,912.73
18,Nayarit,2019,octubre,J,2019-10-31,6484,684,1270646,53.83,635459,107.64,1020.36
18,Nayarit,2019,noviembre,K,2019-11-30,7071,587,1270646,46.2,635459,92.37,1112.74
18,Nayarit,2019,diciembre,L,2019-12-31,7757,686,1270646,53.99,635459,107.95,1220.69
19,Nuevo León,2019,enero,A,2019-01-31,4548,4548,5533147,82.2,2767266,164.35,164.35
19,Nuevo León,2019,febrero,B,2019-02-28,8989,4441,5533147,80.26,2767266,160.48,324.83
19,Nuevo León,2019,marzo,C,2019-03-31,14139,5150,5533147,93.08,2767266,186.1,510.94
19,Nuevo León,2019,abril,D,2019-04-30,19828,5689,5533147,102.82,2767266,205.58,716.52
19,Nuevo León,2019,mayo,E,2019-05-31,26628,6800,5533147,122.9,2767266,245.73,962.25
19,Nuevo León,2019,junio,F,2019-06-30,33577,6949,5533147,125.59,2767266,251.11,1213.36
19,Nuevo León,2019,julio,G,2019-07-31,40268,6691,5533147,120.93,2767266,241.79,1455.15
19,Nuevo León,2019,agosto,H,2019-08-31,47503,7235,5533147,130.76,2767266,261.45,1716.6
19,Nuevo León,2019,septiembre,I,2019-09-30,54741,7238,5533147,130.81,2767266,261.56,1978.16
19,Nuevo León,2019,octubre,J,2019-10-31,61093,6352,5533147,114.8,2767266,229.54,2207.7
19,Nuevo León,2019,noviembre,K,2019-11-30,66677,5584,5533147,100.92,2767266,201.79,2409.49
19,Nuevo León,2019,diciembre,L,2019-12-31,73114,6437,5533147,116.34,2767266,232.61,2642.1
20,Oaxaca,2019,enero,A,2019-01-31,737,737,4120741,17.89,2142659,34.4,34.4
20,Oaxaca,2019,febrero,B,2019-02-28,1345,608,4120741,14.75,2142659,28.38,62.77
20,Oaxaca,2019,marzo,C,2019-03-31,2001,656,4120741,15.92,2142659,30.62,93.39
20,Oaxaca,2019,abril,D,2019-04-30,2831,830,4120741,20.14,2142659,38.74,132.13
20,Oaxaca,2019,mayo,E,2019-05-31,3805,974,4120741,23.64,2142659,45.46,177.58
20,Oaxaca,2019,junio,F,2019-06-30,4690,885,4120741,21.48,2142659,41.3,218.89
20,Oaxaca,2019,julio,G,2019-07-31,5554,864,4120741,20.97,2142659,40.32,259.21
20,Oaxaca,2019,agosto,H,2019-08-31,6438,884,4120741,21.45,2142659,41.26,300.47
20,Oaxaca,2019,septiembre,I,2019-09-30,7209,771,4120741,18.71,2142659,35.98,336.45
20,Oaxaca,2019,octubre,J,2019-10-31,8045,836,4120741,20.29,2142659,39.02,375.47
20,Oaxaca,2019,noviembre,K,2019-11-30,8898,853,4120741,20.7,2142659,39.81,415.28
20,Oaxaca,2019,diciembre,L,2019-12-31,9787,889,4120741,21.57,2142659,41.49,456.77
21,Puebla,2019,enero,A,2019-01-31,556,556,6542484,8.5,3390264,16.4,16.4
21,Puebla,2019,febrero,B,2019-02-28,1181,625,6542484,9.55,3390264,18.44,34.84
21,Puebla,2019,marzo,C,2019-03-31,1810,629,6542484,9.61,3390264,18.55,53.39
21,Puebla,2019,abril,D,2019-04-30,2520,710,6542484,10.85,3390264,20.94,74.33
21,Puebla,2019,mayo,E,2019-05-31,3209,689,6542484,10.53,3390264,20.32,94.65
21,Puebla,2019,junio,F,2019-06-30,3844,635,6542484,9.71,3390264,18.73,113.38
21,Puebla,2019,julio,G,2019-07-31,4475,631,6542484,9.64,3390264,18.61,132
21,Puebla,2019,agosto,H,2019-08-31,5128,653,6542484,9.98,3390264,19.26,151.26
21,Puebla,2019,septiembre,I,2019-09-30,5785,657,6542484,10.04,3390264,19.38,170.64
21,Puebla,2019,octubre,J,2019-10-31,6388,603,6542484,9.22,3390264,17.79,188.42
21,Puebla,2019,noviembre,K,2019-11-30,7019,631,6542484,9.64,3390264,18.61,207.03
21,Puebla,2019,diciembre,L,2019-12-31,7768,749,6542484,11.45,3390264,22.09,229.13
22,Querétaro,2019,enero,A,2019-01-31,1337,1337,2239112,59.71,1135018,117.8,117.8
22,Querétaro,2019,febrero,B,2019-02-28,2626,1289,2239112,57.57,1135018,113.57,231.36
22,Querétaro,2019,marzo,C,2019-03-31,4349,1723,2239112,76.95,1135018,151.8,383.17
22,Querétaro,2019,abril,D,2019-04-30,6051,1702,2239112,76.01,1135018,149.95,533.12
22,Querétaro,2019,mayo,E,2019-05-31,7988,1937,2239112,86.51,1135018,170.66,703.78
22,Querétaro,2019,junio,F,2019-06-30,9815,1827,2239112,81.59,1135018,160.97,864.74
22,Querétaro,2019,julio,G,2019-07-31,11486,1671,2239112,74.63,1135018,147.22,1011.97
22,Querétaro,2019,agosto,H,2019-08-31,13543,2057,2239112,91.87,1135018,181.23,1193.2
22,Querétaro,2019,septiembre,I,2019-09-30,15372,1829,2239112,81.68,1135018,161.14,1354.34
22,Querétaro,2019,octubre,J,2019-10-31,17334,1962,2239112,87.62,1135018,172.86,1527.2
22,Querétaro,2019,noviembre,K,2019-11-30,19135,1801,2239112,80.43,1135018,158.68,1685.88
22,Querétaro,2019,diciembre,L,2019-12-31,20969,1834,2239112,81.91,1135018,161.58,1847.46
23,Quintana Roo,2019,enero,A,2019-01-31,1287,1287,1684541,76.4,834714,154.18,154.18
23,Quintana Roo,2019,febrero,B,2019-02-28,2543,1256,1684541,74.56,834714,150.47,304.66
23,Quintana Roo,2019,marzo,C,2019-03-31,4082,1539,1684541,91.36,834714,184.37,489.03
23,Quintana Roo,2019,abril,D,2019-04-30,5532,1450,1684541,86.08,834714,173.71,662.74
23,Quintana Roo,2019,mayo,E,2019-05-31,6959,1427,1684541,84.71,834714,170.96,833.7
23,Quintana Roo,2019,junio,F,2019-06-30,8405,1446,1684541,85.84,834714,173.23,1006.93
23,Quintana Roo,2019,julio,G,2019-07-31,9876,1471,1684541,87.32,834714,176.23,1183.16
23,Quintana Roo,2019,agosto,H,2019-08-31,11395,1519,1684541,90.17,834714,181.98,1365.14
23,Quintana Roo,2019,septiembre,I,2019-09-30,12446,1051,1684541,62.39,834714,125.91,1491.05
23,Quintana Roo,2019,octubre,J,2019-10-31,13505,1059,1684541,62.87,834714,126.87,1617.92
23,Quintana Roo,2019,noviembre,K,2019-11-30,14517,1012,1684541,60.08,834714,121.24,1739.16
23,Quintana Roo,2019,diciembre,L,2019-12-31,15745,1228,1684541,72.9,834714,147.12,1886.27
24,San Luis Potosí,2019,enero,A,2019-01-31,1221,1221,2845959,42.9,1456541,83.83,83.83
24,San Luis Potosí,2019,febrero,B,2019-02-28,2401,1180,2845959,41.46,1456541,81.01,164.84
24,San Luis Potosí,2019,marzo,C,2019-03-31,3700,1299,2845959,45.64,1456541,89.18,254.03
24,San Luis Potosí,2019,abril,D,2019-04-30,5292,1592,2845959,55.94,1456541,109.3,363.33
24,San Luis Potosí,2019,mayo,E,2019-05-31,6983,1691,2845959,59.42,1456541,116.1,479.42
24,San Luis Potosí,2019,junio,F,2019-06-30,8541,1558,2845959,54.74,1456541,106.97,586.39
24,San Luis Potosí,2019,julio,G,2019-07-31,10061,1520,2845959,53.41,1456541,104.36,690.75
24,San Luis Potosí,2019,agosto,H,2019-08-31,11609,1548,2845959,54.39,1456541,106.28,797.03
24,San Luis Potosí,2019,septiembre,I,2019-09-30,13023,1414,2845959,49.68,1456541,97.08,894.1
24,San Luis Potosí,2019,octubre,J,2019-10-31,14292,1269,2845959,44.59,1456541,87.12,981.23
24,San Luis Potosí,2019,noviembre,K,2019-11-30,15494,1202,2845959,42.24,1456541,82.52,1063.75
24,San Luis Potosí,2019,diciembre,L,2019-12-31,16778,1284,2845959,45.12,1456541,88.15,1151.91
25,Sinaloa,2019,enero,A,2019-01-31,1591,1591,3131012,50.81,1575013,101.02,101.02
25,Sinaloa,2019,febrero,B,2019-02-28,2881,1290,3131012,41.2,1575013,81.9,182.92
25,Sinaloa,2019,marzo,C,2019-03-31,4576,1695,3131012,54.14,1575013,107.62,290.54
25,Sinaloa,2019,abril,D,2019-04-30,6231,1655,3131012,52.86,1575013,105.08,395.62
25,Sinaloa,2019,mayo,E,2019-05-31,8000,1769,3131012,56.5,1575013,112.32,507.93
25,Sinaloa,2019,junio,F,2019-06-30,9866,1866,3131012,59.6,1575013,118.48,626.41
25,Sinaloa,2019,julio,G,2019-07-31,11561,1695,3131012,54.14,1575013,107.62,734.03
25,Sinaloa,2019,agosto,H,2019-08-31,13271,1710,3131012,54.61,1575013,108.57,842.6
25,Sinaloa,2019,septiembre,I,2019-09-30,14862,1591,3131012,50.81,1575013,101.02,943.61
25,Sinaloa,2019,octubre,J,2019-10-31,16418,1556,3131012,49.7,1575013,98.79,1042.4
25,Sinaloa,2019,noviembre,K,2019-11-30,17846,1428,3131012,45.61,1575013,90.67,1133.07
25,Sinaloa,2019,diciembre,L,2019-12-31,19525,1679,3131012,53.62,1575013,106.6,1239.67
26,Sonora,2019,enero,A,2019-01-31,5053,5053,3037752,166.34,1527257,330.85,330.85
26,Sonora,2019,febrero,B,2019-02-28,9529,4476,3037752,147.35,1527257,293.07,623.93
26,Sonora,2019,marzo,C,2019-03-31,14846,5317,3037752,175.03,1527257,348.14,972.07
26,Sonora,2019,abril,D,2019-04-30,20745,5899,3037752,194.19,1527257,386.25,1358.32
26,Sonora,2019,mayo,E,2019-05-31,26487,5742,3037752,189.02,1527257,375.97,1734.29
26,Sonora,2019,junio,F,2019-06-30,33913,7426,3037752,244.46,1527257,486.23,2220.52
26,Sonora,2019,julio,G,2019-07-31,40778,6865,3037752,225.99,1527257,449.5,2670.02
26,Sonora,2019,agosto,H,2019-08-31,46927,6149,3037752,202.42,1527257,402.62,3072.63
26,Sonora,2019,septiembre,I,2019-09-30,52724,5797,3037752,190.83,1527257,379.57,3452.2
26,Sonora,2019,octubre,J,2019-10-31,57291,4567,3037752,150.34,1527257,299.03,3751.24
26,Sonora,2019,noviembre,K,2019-11-30,61680,4389,3037752,144.48,1527257,287.38,4038.61
26,Sonora,2019,diciembre,L,2019-12-31,66495,4815,3037752,158.51,1527257,315.27,4353.88
27,Tabasco,2019,enero,A,2019-01-31,35,35,2544372,1.38,1291146,2.71,2.71
27,Tabasco,2019,febrero,B,2019-02-28,88,53,2544372,2.08,1291146,4.1,6.82
27,Tabasco,2019,marzo,C,2019-03-31,143,55,2544372,2.16,1291146,4.26,11.08
27,Tabasco,2019,abril,D,2019-04-30,175,32,2544372,1.26,1291146,2.48,13.55
27,Tabasco,2019,mayo,E,2019-05-31,233,58,2544372,2.28,1291146,4.49,18.05
27,Tabasco,2019,junio,F,2019-06-30,279,46,2544372,1.81,1291146,3.56,21.61
27,Tabasco,2019,julio,G,2019-07-31,330,51,2544372,2,1291146,3.95,25.56
27,Tabasco,2019,agosto,H,2019-08-31,379,49,2544372,1.93,1291146,3.8,29.35
27,Tabasco,2019,septiembre,I,2019-09-30,413,34,2544372,1.34,1291146,2.63,31.99
27,Tabasco,2019,octubre,J,2019-10-31,452,39,2544372,1.53,1291146,3.02,35.01
27,Tabasco,2019,noviembre,K,2019-11-30,476,24,2544372,0.94,1291146,1.86,36.87
27,Tabasco,2019,diciembre,L,2019-12-31,513,37,2544372,1.45,1291146,2.87,39.73
28,Tamaulipas,2019,enero,A,2019-01-31,626,626,3620910,17.29,1829220,34.22,34.22
28,Tamaulipas,2019,febrero,B,2019-02-28,1353,727,3620910,20.08,1829220,39.74,73.97
28,Tamaulipas,2019,marzo,C,2019-03-31,2165,812,3620910,22.43,1829220,44.39,118.36
28,Tamaulipas,2019,abril,D,2019-04-30,3097,932,3620910,25.74,1829220,50.95,169.31
28,Tamaulipas,2019,mayo,E,2019-05-31,4070,973,3620910,26.87,1829220,53.19,222.5
28,Tamaulipas,2019,junio,F,2019-06-30,5200,1130,3620910,31.21,1829220,61.77,284.27
28,Tamaulipas,2019,julio,G,2019-07-31,6263,1063,3620910,29.36,1829220,58.11,342.39
28,Tamaulipas,2019,agosto,H,2019-08-31,7414,1151,3620910,31.79,1829220,62.92,405.31
28,Tamaulipas,2019,septiembre,I,2019-09-30,8444,1030,3620910,28.45,1829220,56.31,461.62
28,Tamaulipas,2019,octubre,J,2019-10-31,9311,867,3620910,23.94,1829220,47.4,509.01
28,Tamaulipas,2019,noviembre,K,2019-11-30,10164,853,3620910,23.56,1829220,46.63,555.65
28,Tamaulipas,2019,diciembre,L,2019-12-31,11141,977,3620910,26.98,1829220,53.41,609.06
29,Tlaxcala,2019,enero,A,2019-01-31,214,214,1364147,15.69,699235,30.6,30.6
29,Tlaxcala,2019,febrero,B,2019-02-28,417,203,1364147,14.88,699235,29.03,59.64
29,Tlaxcala,2019,marzo,C,2019-03-31,680,263,1364147,19.28,699235,37.61,97.25
29,Tlaxcala,2019,abril,D,2019-04-30,921,241,1364147,17.67,699235,34.47,131.72
29,Tlaxcala,2019,mayo,E,2019-05-31,1188,267,1364147,19.57,699235,38.18,169.9
29,Tlaxcala,2019,junio,F,2019-06-30,1442,254,1364147,18.62,699235,36.33,206.23
29,Tlaxcala,2019,julio,G,2019-07-31,1671,229,1364147,16.79,699235,32.75,238.98
29,Tlaxcala,2019,agosto,H,2019-08-31,1917,246,1364147,18.03,699235,35.18,274.16
29,Tlaxcala,2019,septiembre,I,2019-09-30,2275,358,1364147,26.24,699235,51.2,325.36
29,Tlaxcala,2019,octubre,J,2019-10-31,2533,258,1364147,18.91,699235,36.9,362.25
29,Tlaxcala,2019,noviembre,K,2019-11-30,2841,308,1364147,22.58,699235,44.05,406.3
29,Tlaxcala,2019,diciembre,L,2019-12-31,3203,362,1364147,26.54,699235,51.77,458.07
30,Veracruz de Ignacio de la Llave,2019,enero,A,2019-01-31,2388,2388,8488447,28.13,4366584,54.69,54.69
30,Veracruz de Ignacio de la Llave,2019,febrero,B,2019-02-28,4848,2460,8488447,28.98,4366584,56.34,111.03
30,Veracruz de Ignacio de la Llave,2019,marzo,C,2019-03-31,7602,2754,8488447,32.44,4366584,63.07,174.09
30,Veracruz de Ignacio de la Llave,2019,abril,D,2019-04-30,10473,2871,8488447,33.82,4366584,65.75,239.84
30,Veracruz de Ignacio de la Llave,2019,mayo,E,2019-05-31,14116,3643,8488447,42.92,4366584,83.43,323.27
30,Veracruz de Ignacio de la Llave,2019,junio,F,2019-06-30,17592,3476,8488447,40.95,4366584,79.6,402.88
30,Veracruz de Ignacio de la Llave,2019,julio,G,2019-07-31,20906,3314,8488447,39.04,4366584,75.89,478.77
30,Veracruz de Ignacio de la Llave,2019,agosto,H,2019-08-31,24185,3279,8488447,38.63,4366584,75.09,553.87
30,Veracruz de Ignacio de la Llave,2019,septiembre,I,2019-09-30,27302,3117,8488447,36.72,4366584,71.38,625.25
30,Veracruz de Ignacio de la Llave,2019,octubre,J,2019-10-31,30175,2873,8488447,33.85,4366584,65.8,691.04
30,Veracruz de Ignacio de la Llave,2019,noviembre,K,2019-11-30,32865,2690,8488447,31.69,4366584,61.6,752.65
30,Veracruz de Ignacio de la Llave,2019,diciembre,L,2019-12-31,35960,3095,8488447,36.46,4366584,70.88,823.53
31,Yucatán,2019,enero,A,2019-01-31,957,957,2233866,42.84,1133299,84.44,84.44
31,Yucatán,2019,febrero,B,2019-02-28,2064,1107,2233866,49.56,1133299,97.68,182.12
31,Yucatán,2019,marzo,C,2019-03-31,3283,1219,2233866,54.57,1133299,107.56,289.69
31,Yucatán,2019,abril,D,2019-04-30,4459,1176,2233866,52.64,1133299,103.77,393.45
31,Yucatán,2019,mayo,E,2019-05-31,5154,695,2233866,31.11,1133299,61.33,454.78
31,Yucatán,2019,junio,F,2019-06-30,5236,82,2233866,3.67,1133299,7.24,462.01
31,Yucatán,2019,julio,G,2019-07-31,5538,302,2233866,13.52,1133299,26.65,488.66
31,Yucatán,2019,agosto,H,2019-08-31,6128,590,2233866,26.41,1133299,52.06,540.72
31,Yucatán,2019,septiembre,I,2019-09-30,6681,553,2233866,24.76,1133299,48.8,589.52
31,Yucatán,2019,octubre,J,2019-10-31,7280,599,2233866,26.81,1133299,52.85,642.37
31,Yucatán,2019,noviembre,K,2019-11-30,7753,473,2233866,21.17,1133299,41.74,684.11
31,Yucatán,2019,diciembre,L,2019-12-31,8464,711,2233866,31.83,1133299,62.74,746.85
32,Zacatecas,2019,enero,A,2019-01-31,333,333,1654593,20.13,841344,39.58,39.58
32,Zacatecas,2019,febrero,B,2019-02-28,654,321,1654593,19.4,841344,38.15,77.73
32,Zacatecas,2019,marzo,C,2019-03-31,1059,405,1654593,24.48,841344,48.14,125.87
32,Zacatecas,2019,abril,D,2019-04-30,1463,404,1654593,24.42,841344,48.02,173.89
32,Zacatecas,2019,mayo,E,2019-05-31,1917,454,1654593,27.44,841344,53.96,227.85
32,Zacatecas,2019,junio,F,2019-06-30,3056,1139,1654593,68.84,841344,135.38,363.23
32,Zacatecas,2019,julio,G,2019-07-31,3512,456,1654593,27.56,841344,54.2,417.43
32,Zacatecas,2019,agosto,H,2019-08-31,3995,483,1654593,29.19,841344,57.41,474.84
32,Zacatecas,2019,septiembre,I,2019-09-30,4180,185,1654593,11.18,841344,21.99,496.82
32,Zacatecas,2019,octubre,J,2019-10-31,4558,378,1654593,22.85,841344,44.93,541.75
32,Zacatecas,2019,noviembre,K,2019-11-30,4952,394,1654593,23.81,841344,46.83,588.58
32,Zacatecas,2019,diciembre,L,2019-12-31,5431,479,1654593,28.95,841344,56.93,645.51
33,Nacional,2019,enero,A,2019-01-31,49796,49796,126577691,39.34,64600059,77.08,77.08
33,Nacional,2019,febrero,B,2019-02-28,98588,48792,126577691,38.55,64600059,75.53,152.61
33,Nacional,2019,marzo,C,2019-03-31,155178,56590,126577691,44.71,64600059,87.6,240.21
33,Nacional,2019,abril,D,2019-04-30,216686,61508,126577691,48.59,64600059,95.21,335.43
33,Nacional,2019,mayo,E,2019-05-31,283017,66331,126577691,52.4,64600059,102.68,438.11
33,Nacional,2019,junio,F,2019-06-30,351682,68665,126577691,54.25,64600059,106.29,544.4
33,Nacional,2019,julio,G,2019-07-31,416408,64726,126577691,51.14,64600059,100.19,644.59
33,Nacional,2019,agosto,H,2019-08-31,483804,67396,126577691,53.24,64600059,104.33,748.92
33,Nacional,2019,septiembre,I,2019-09-30,546799,62995,126577691,49.77,64600059,97.52,846.44
33,Nacional,2019,octubre,J,2019-10-31,603838,57039,126577691,45.06,64600059,88.3,934.73
33,Nacional,2019,noviembre,K,2019-11-30,658684,54846,126577691,43.33,64600059,84.9,1019.63
33,Nacional,2019,diciembre,L,2019-12-31,718019,59335,126577691,46.88,64600059,91.85,1111.48
1,Aguascalientes,2020,enero,A,2020-01-31,1371,1371,1434635,95.56,728001,188.32,188.32
1,Aguascalientes,2020,febrero,B,2020-02-29,2820,1449,1434635,101,728001,199.04,387.36
1,Aguascalientes,2020,marzo,C,2020-03-31,4837,2017,1434635,140.59,728001,277.06,664.42
1,Aguascalientes,2020,abril,D,2020-04-30,6514,1677,1434635,116.89,728001,230.36,894.78
2,Baja California,2020,enero,A,2020-01-31,2911,2911,3634868,80.09,1819221,160.01,160.01
2,Baja California,2020,febrero,B,2020-02-29,5518,2607,3634868,71.72,1819221,143.3,303.32
2,Baja California,2020,marzo,C,2020-03-31,8569,3051,3634868,83.94,1819221,167.71,471.03
2,Baja California,2020,abril,D,2020-04-30,11500,2931,3634868,80.64,1819221,161.11,632.14
3,Baja California Sur,2020,enero,A,2020-01-31,362,362,804708,44.99,395686,91.49,91.49
3,Baja California Sur,2020,febrero,B,2020-02-29,695,333,804708,41.38,395686,84.16,175.64
3,Baja California Sur,2020,marzo,C,2020-03-31,1137,442,804708,54.93,395686,111.7,287.35
3,Baja California Sur,2020,abril,D,2020-04-30,1506,369,804708,45.86,395686,93.26,380.60
4,Campeche,2020,enero,A,2020-01-31,507,507,1000617,50.67,506013,100.2,100.2
4,Campeche,2020,febrero,B,2020-02-29,1080,573,1000617,57.26,506013,113.24,213.43
4,Campeche,2020,marzo,C,2020-03-31,1741,661,1000617,66.06,506013,130.63,344.06
4,Campeche,2020,abril,D,2020-04-30,2050,309,1000617,30.88,506013,61.07,405.13
5,Coahuila de Zaragoza,2020,enero,A,2020-01-31,2581,2581,3218720,80.19,1613303,159.98,159.98
5,Coahuila de Zaragoza,2020,febrero,B,2020-02-29,5277,2696,3218720,83.76,1613303,167.11,327.09
5,Coahuila de Zaragoza,2020,marzo,C,2020-03-31,8269,2992,3218720,92.96,1613303,185.46,512.55
5,Coahuila de Zaragoza,2020,abril,D,2020-04-30,11512,3243,3218720,100.75,1613303,201.02,713.57
6,Colima,2020,enero,A,2020-01-31,233,233,785153,29.68,394295,59.09,59.09
6,Colima,2020,febrero,B,2020-02-29,1128,895,785153,113.99,394295,226.99,286.08
6,Colima,2020,marzo,C,2020-03-31,2189,1061,785153,135.13,394295,269.09,555.17
6,Colima,2020,abril,D,2020-04-30,3087,898,785153,114.37,394295,227.75,782.92
7,Chiapas,2020,enero,A,2020-01-31,433,433,5730367,7.56,2926695,14.79,14.79
7,Chiapas,2020,febrero,B,2020-02-29,834,401,5730367,7,2926695,13.7,28.5
7,Chiapas,2020,marzo,C,2020-03-31,1323,489,5730367,8.53,2926695,16.71,45.2
7,Chiapas,2020,abril,D,2020-04-30,1779,456,5730367,7.96,2926695,15.58,60.79
8,Chihuahua,2020,enero,A,2020-01-31,2185,2185,3801487,57.48,1917220,113.97,113.97
8,Chihuahua,2020,febrero,B,2020-02-29,3732,1547,3801487,40.69,1917220,80.69,194.66
8,Chihuahua,2020,marzo,C,2020-03-31,5713,1981,3801487,52.11,1917220,103.33,297.98
8,Chihuahua,2020,abril,D,2020-04-30,8012,2299,3801487,60.48,1917220,119.91,417.90
9,Ciudad de México,2020,enero,A,2020-01-31,7040,7040,9018645,78.06,4711235,149.43,149.43
9,Ciudad de México,2020,febrero,B,2020-02-29,14268,7228,9018645,80.15,4711235,153.42,302.85
9,Ciudad de México,2020,marzo,C,2020-03-31,22021,7753,9018645,85.97,4711235,164.56,467.41
9,Ciudad de México,2020,abril,D,2020-04-30,28221,6200,9018645,68.75,4711235,131.60,599.01
10,Durango,2020,enero,A,2020-01-31,1589,1589,1868996,85.02,947144,167.77,167.77
10,Durango,2020,febrero,B,2020-02-29,3168,1579,1868996,84.48,947144,166.71,334.48
10,Durango,2020,marzo,C,2020-03-31,5219,2051,1868996,109.74,947144,216.55,551.02
10,Durango,2020,abril,D,2020-04-30,7240,2021,1868996,108.13,947144,213.38,764.40
11,Guanajuato,2020,enero,A,2020-01-31,5176,5176,6228175,83.11,3190872,162.21,162.21
11,Guanajuato,2020,febrero,B,2020-02-29,10391,5215,6228175,83.73,3190872,163.43,325.65
11,Guanajuato,2020,marzo,C,2020-03-31,17445,7054,6228175,113.26,3190872,221.07,546.72
11,Guanajuato,2020,abril,D,2020-04-30,24586,7141,6228175,114.66,3190872,223.79,770.51
12,Guerrero,2020,enero,A,2020-01-31,312,312,3657048,8.53,1886572,16.54,16.54
12,Guerrero,2020,febrero,B,2020-02-29,613,301,3657048,8.23,1886572,15.95,32.49
12,Guerrero,2020,marzo,C,2020-03-31,1019,406,3657048,11.1,1886572,21.52,54.01
12,Guerrero,2020,abril,D,2020-04-30,1463,444,3657048,12.14,1886572,23.53,77.55
13,Hidalgo,2020,enero,A,2020-01-31,323,323,3086414,10.47,1595122,20.25,20.25
13,Hidalgo,2020,febrero,B,2020-02-29,622,299,3086414,9.69,1595122,18.74,38.99
13,Hidalgo,2020,marzo,C,2020-03-31,1018,396,3086414,12.83,1595122,24.83,63.82
13,Hidalgo,2020,abril,D,2020-04-30,1406,388,3086414,12.57,1595122,24.32,88.14
14,Jalisco,2020,enero,A,2020-01-31,2445,2445,8409693,29.07,4263491,57.35,57.35
14,Jalisco,2020,febrero,B,2020-02-29,4948,2503,8409693,29.76,4263491,58.71,116.06
14,Jalisco,2020,marzo,C,2020-03-31,7732,2784,8409693,33.1,4263491,65.3,181.35
14,Jalisco,2020,abril,D,2020-04-30,10617,2885,8409693,34.31,4263491,67.67,249.02
15,México,2020,enero,A,2020-01-31,453,453,17427790,2.6,8913555,5.08,5.08
15,México,2020,febrero,B,2020-02-29,889,436,17427790,2.5,8913555,4.89,9.97
15,México,2020,marzo,C,2020-03-31,1439,550,17427790,3.16,8913555,6.17,16.14
15,México,2020,abril,D,2020-04-30,2000,561,17427790,3.22,8913555,6.29,22.44
16,Michoacán de Ocampo,2020,enero,A,2020-01-31,290,290,4825401,6.01,2479142,11.7,11.7
16,Michoacán de Ocampo,2020,febrero,B,2020-02-29,626,336,4825401,6.96,2479142,13.55,25.25
16,Michoacán de Ocampo,2020,marzo,C,2020-03-31,1011,385,4825401,7.98,2479142,15.53,40.78
16,Michoacán de Ocampo,2020,abril,D,2020-04-30,1445,434,4825401,8.99,2479142,17.51,58.29
17,Morelos,2020,enero,A,2020-01-31,1090,1090,2044058,53.33,1052273,103.59,103.59
17,Morelos,2020,febrero,B,2020-02-29,2166,1076,2044058,52.64,1052273,102.25,205.84
17,Morelos,2020,marzo,C,2020-03-31,3390,1224,2044058,59.88,1052273,116.32,322.16
17,Morelos,2020,abril,D,2020-04-30,4317,927,2044058,45.35,1052273,88.10,410.25
18,Nayarit,2020,enero,A,2020-01-31,643,643,1288571,49.9,644370,99.79,99.79
18,Nayarit,2020,febrero,B,2020-02-29,1241,598,1288571,46.41,644370,92.8,192.59
18,Nayarit,2020,marzo,C,2020-03-31,1941,700,1288571,54.32,644370,108.63,301.22
18,Nayarit,2020,abril,D,2020-04-30,2571,630,1288571,48.89,644370,97.77,398.99
19,Nuevo León,2020,enero,A,2020-01-31,5708,5708,5610153,101.74,2806169,203.41,203.41
19,Nuevo León,2020,febrero,B,2020-02-29,11354,5646,5610153,100.64,2806169,201.2,404.61
19,Nuevo León,2020,marzo,C,2020-03-31,18605,7251,5610153,129.25,2806169,258.39,663
19,Nuevo León,2020,abril,D,2020-04-30,24788,6183,5610153,110.21,2806169,220.34,883.34
20,Oaxaca,2020,enero,A,2020-01-31,943,943,4143593,22.76,2154839,43.76,43.76
20,Oaxaca,2020,febrero,B,2020-02-29,1929,986,4143593,23.8,2154839,45.76,89.52
20,Oaxaca,2020,marzo,C,2020-03-31,3131,1202,4143593,29.01,2154839,55.78,145.3
20,Oaxaca,2020,abril,D,2020-04-30,4285,1154,4143593,27.85,2154839,53.55,198.85
21,Puebla,2020,enero,A,2020-01-31,680,680,6604451,10.3,3422131,19.87,19.87
21,Puebla,2020,febrero,B,2020-02-29,1444,764,6604451,11.57,3422131,22.33,42.2
21,Puebla,2020,marzo,C,2020-03-31,2276,832,6604451,12.6,3422131,24.31,66.51
21,Puebla,2020,abril,D,2020-04-30,3120,844,6604451,12.78,3422131,24.66,91.17
22,Querétaro,2020,enero,A,2020-01-31,1674,1674,2279637,73.43,1155425,144.88,144.88
22,Querétaro,2020,febrero,B,2020-02-29,3691,2017,2279637,88.48,1155425,174.57,319.45
22,Querétaro,2020,marzo,C,2020-03-31,6158,2467,2279637,108.22,1155425,213.51,532.96
22,Querétaro,2020,abril,D,2020-04-30,8694,2536,2279637,111.25,1155425,219.49,752.45
23,Quintana Roo,2020,enero,A,2020-01-31,1006,1006,1723259,58.38,853688,117.84,117.84
23,Quintana Roo,2020,febrero,B,2020-02-29,2019,1013,1723259,58.78,853688,118.66,236.5
23,Quintana Roo,2020,marzo,C,2020-03-31,4139,2120,1723259,123.02,853688,248.33,484.84
23,Quintana Roo,2020,abril,D,2020-04-30,6149,2010,1723259,116.64,853688,235.45,720.29
24,San Luis Potosí,2020,enero,A,2020-01-31,1335,1335,2866142,46.58,1467071,91,91
24,San Luis Potosí,2020,febrero,B,2020-02-29,2660,1325,2866142,46.23,1467071,90.32,181.31
24,San Luis Potosí,2020,marzo,C,2020-03-31,4103,1443,2866142,50.35,1467071,98.36,279.67
24,San Luis Potosí,2020,abril,D,2020-04-30,5305,1202,2866142,41.94,1467071,81.93,361.60
25,Sinaloa,2020,enero,A,2020-01-31,1499,1499,3156674,47.49,1588251,94.38,94.38
25,Sinaloa,2020,febrero,B,2020-02-29,2979,1480,3156674,46.88,1588251,93.18,187.56
25,Sinaloa,2020,marzo,C,2020-03-31,4728,1749,3156674,55.41,1588251,110.12,297.69
25,Sinaloa,2020,abril,D,2020-04-30,6258,1530,3156674,48.47,1588251,96.33,394.02
26,Sonora,2020,enero,A,2020-01-31,4438,4438,3074745,144.34,1546057,287.05,287.05
26,Sonora,2020,febrero,B,2020-02-29,8681,4243,3074745,138,1546057,274.44,561.49
26,Sonora,2020,marzo,C,2020-03-31,13633,4952,3074745,161.05,1546057,320.3,881.79
26,Sonora,2020,abril,D,2020-04-30,18764,5131,3074745,166.88,1546057,331.88,1213.67
27,Tabasco,2020,enero,A,2020-01-31,45,45,2572287,1.75,1305707,3.45,3.45
27,Tabasco,2020,febrero,B,2020-02-29,75,30,2572287,1.17,1305707,2.3,5.74
27,Tabasco,2020,marzo,C,2020-03-31,115,40,2572287,1.56,1305707,3.06,8.81
27,Tabasco,2020,abril,D,2020-04-30,230,115,2572287,4.47,1305707,8.81,17.61
28,Tamaulipas,2020,enero,A,2020-01-31,851,851,3650602,23.31,1844972,46.13,46.13
28,Tamaulipas,2020,febrero,B,2020-02-29,1698,847,3650602,23.2,1844972,45.91,92.03
28,Tamaulipas,2020,marzo,C,2020-03-31,2844,1146,3650602,31.39,1844972,62.11,154.15
28,Tamaulipas,2020,abril,D,2020-04-30,3975,1131,3650602,30.98,1844972,61.30,215.45
29,Tlaxcala,2020,enero,A,2020-01-31,296,296,1380011,21.45,707365,41.85,41.85
29,Tlaxcala,2020,febrero,B,2020-02-29,574,278,1380011,20.14,707365,39.3,81.15
29,Tlaxcala,2020,marzo,C,2020-03-31,923,349,1380011,25.29,707365,49.34,130.48
29,Tlaxcala,2020,abril,D,2020-04-30,1109,186,1380011,13.48,707365,26.29,156.78
30,Veracruz de Ignacio de la Llave,2020,enero,A,2020-01-31,2984,2984,8539862,34.94,4394428,67.9,67.9
30,Veracruz de Ignacio de la Llave,2020,febrero,B,2020-02-29,5942,2958,8539862,34.64,4394428,67.31,135.22
30,Veracruz de Ignacio de la Llave,2020,marzo,C,2020-03-31,9711,3769,8539862,44.13,4394428,85.77,220.98
30,Veracruz de Ignacio de la Llave,2020,abril,D,2020-04-30,13382,3671,8539862,42.99,4394428,83.54,304.52
31,Yucatán,2020,enero,A,2020-01-31,711,711,2259098,31.47,1146710,62,62
31,Yucatán,2020,febrero,B,2020-02-29,1551,840,2259098,37.18,1146710,73.25,135.26
31,Yucatán,2020,marzo,C,2020-03-31,2557,1006,2259098,44.53,1146710,87.73,222.99
31,Yucatán,2020,abril,D,2020-04-30,3108,551,2259098,24.39,1146710,48.05,271.04
32,Zacatecas,2020,enero,A,2020-01-31,384,384,1666426,23.04,847637,45.3,45.3
32,Zacatecas,2020,febrero,B,2020-02-29,743,359,1666426,21.54,847637,42.35,87.66
32,Zacatecas,2020,marzo,C,2020-03-31,1278,535,1666426,32.1,847637,63.12,150.77
32,Zacatecas,2020,abril,D,2020-04-30,1764,486,1666426,29.16,847637,57.34,208.11
33,Nacional,2020,enero,A,2020-01-31,52498,52498,127792286,41.08,65224660,80.49,80.49
33,Nacional,2020,febrero,B,2020-02-29,105356,52858,127792286,39.8,65224660,77.97,161.53
33,Nacional,2020,marzo,C,2020-03-31,170214,64858,127792286,50.75,65224660,99.44,260.97
33,Nacional,2020,abril,D,2020-04-30,230757,60543,127792286,47.38,65224660,92.82,353.79
